{
    "classification": [
        {
            "key": "pneumonia-detection",
            "unknowns": [],
            "failures": [],
            "output": {
                "generalMetrics": {
                    "confusionMatrix": [
                        [
                            3,
                            0
                        ],
                        [
                            6,
                            4
                        ]
                    ],
                    "kappa": 0.23529411764705888,
                    "accuracy": 0.5384615384615384,
                    "matrixValueOrders": {
                        "1": 0,
                        "0": 1
                    },
                    "sensitivity": 0.3333333333333333,
                    "specificity": 1.0,
                    "auc": 0.7777777777777778,
                    "rocCurve": {
                        "falsePositiveRate": [
                            0.0,
                            0.0,
                            0.0,
                            0.0,
                            0.0,
                            0.0,
                            0.0,
                            0.0,
                            0.25,
                            0.5,
                            0.75,
                            1.0,
                            1.0,
                            1.0
                        ],
                        "truePositiveRate": [
                            0.0,
                            0.1111111111111111,
                            0.2222222222222222,
                            0.3333333333333333,
                            0.4444444444444444,
                            0.5555555555555556,
                            0.6666666666666666,
                            0.7777777777777778,
                            0.7777777777777778,
                            0.7777777777777778,
                            0.7777777777777778,
                            0.7777777777777778,
                            0.8888888888888888,
                            1.0
                        ],
                        "thresholds": [
                            1.6057595610618591,
                            0.6057595610618591,
                            0.6011742949485779,
                            0.5020918846130371,
                            0.4773445129394531,
                            0.3561849296092987,
                            0.30295059084892273,
                            0.27525022625923157,
                            0.23372916877269745,
                            0.18788085877895355,
                            0.18015557527542114,
                            0.10577438026666641,
                            0.09053661674261093,
                            0.08437676727771759
                        ]
                    }
                }
            }
        }
    ],
    "continuous": [],
    "boundingBox": [
        {
            "key": "pneumonia-bounding-box",
            "unknowns": [],
            "failures": [],
            "output": {
                "meanDiceCoefficient": 0.35733736630274354,
                "meanAveragePrecision": 0.2222222222222222,
                "meanIntersectionOverUnion": 0.24823475639946033,
                "scatterPlot": {
                    "data": [
                        [
                            109634,
                            206092
                        ],
                        [
                            191205,
                            233750
                        ],
                        [
                            103194,
                            159728
                        ],
                        [
                            68886,
                            39292
                        ],
                        [
                            132344,
                            234048
                        ],
                        [
                            102090,
                            262980
                        ],
                        [
                            103314,
                            0
                        ],
                        [
                            193673,
                            0
                        ],
                        [
                            253080,
                            0
                        ]
                    ],
                    "name": "pneumonia-bounding-box"
                }
            }
        }
    ],
    "segmentation": []
}